{"ts_cc93333ce2345519892f297fdacb62bc":{"values":{"time":[1456786800,1456873200,1456959600,1457046000,1457132400,1457218800,1457305200,1457391600],"predVar":[3.82272613966273,3.92947081541929,4.02037713312665,5.75565521550916,7.97910829008278,7.79215771869563,7.84557216766339,8.03252273905053]}}}
