{"ts_f7a9d6ee86723a8b3326015710a04c2a":{"values":{"time":[1456614000,1456617600,1456621200,1456624800,1456628400,1456632000,1456635600,1456639200,1456642800,1456646400,1456650000,1456653600,1456657200,1456660800,1456664400,1456668000,1456671600,1456675200,1456678800,1456682400,1456686000,1456689600,1456693200,1456696800,1456700400,1456704000,1456707600,1456711200,1456714800,1456718400,1456722000,1456725600,1456729200,1456732800,1456736400,1456740000,1456743600,1456747200,1456750800,1456754400,1456758000,1456761600,1456765200,1456768800,1456772400,1456776000,1456779600,1456783200,1456786800,1456790400,1456794000,1456797600,1456801200,1456804800,1456808400,1456812000,1456815600,1456819200,1456822800,1456826400,1456830000,1456833600,1456837200,1456840800,1456844400,1456848000,1456851600,1456855200,1456858800,1456862400,1456866000,1456869600,1456873200,1456876800,1456880400,1456884000,1456887600,1456891200,1456894800,1456898400,1456902000,1456905600,1456909200,1456912800,1456916400,1456920000,1456923600,1456927200,1456930800,1456934400,1456938000,1456941600,1456945200,1456948800,1456952400,1456956000,1456959600,1456963200,1456966800,1456970400,1456974000,1456977600,1456981200,1456984800,1456988400,1456992000,1456995600,1456999200,1457002800,1457006400,1457010000],"predVar":[0.0163848203309728,0.0163125163860694,0.0162402124411658,0.0161679084962625,0.016095604551359,0.0160233006064554,0.0159509966615521,0.0158786927166485,0.0158063887717451,0.0157340848268417,0.0156617808819381,0.0155894769370347,0.0155171729921313,0.0154448690472277,0.0153725651023243,0.0153002611574208,0.0152279572125174,0.0151556532676139,0.0150833493227103,0.015011045377807,0.0149387414329035,0.0148664374880001,0.0147941335430966,0.014721829598193,0.0146495256532897,0.0145772217083862,0.0145049177634826,0.0144326138185792,0.0143603098736758,0.0142880059287723,0.0142157019838688,0.0141433980389653,0.0140710940940619,0.0139987901491584,0.013926486204255,0.0138541822593515,0.013781878314448,0.0137096445240479,0.0136375510426544,0.013565457561261,0.0134933640798675,0.0134212705984741,0.0133491771170806,0.0132770836356872,0.0132049901542938,0.0131328966729003,0.0130608031915068,0.0129887097101133,0.0129166162287199,0.0128445227473264,0.012772429265933,0.0127003357845395,0.0126282423031462,0.0125561488217526,0.0124840553403591,0.0124119618589657,0.0123398683775722,0.0122677748961789,0.0121956814147853,0.0121235879333919,0.0120514944519985,0.011979400970605,0.0119073074892115,0.0118352140078181,0.0117631205264246,0.0116910270450312,0.0116189335636377,0.0115468400822442,0.0114747466008509,0.0114026531194573,0.011330559638064,0.0112584661566705,0.0111863726752769,0.0111142791938836,0.01104218571249,0.0109700922310967,0.0108979987497032,0.0108259052683096,0.0107538117869163,0.0106817183055228,0.0106096248241293,0.0105375313427359,0.0104654378613424,0.010393344379949,0.0103212508985556,0.010249157417162,0.0101770639357686,0.0101049704543752,0.0100328769729817,0.00996078349158828,0.00988869001019471,0.00981659652880137,0.00974450304740791,0.00967240956601445,0.009600316084621,0.00952822260322754,0.00945612912183408,0.00938403564044063,0.00931194215904706,0.00923984867765371,0.00916775519626026,0.0090956617148668,0.00902356823347334,0.00895147475207989,0.00887938127068643,0.00880728778929298,0.00873519430789952,0.00866310082650606,0.00859100734511261,0.00851891386371915,0.00844682038232569]}}}
